,Ativo,Nome,Classe,Código,Participação|no Ibovespa||em %,Segmento listagem|Bovespa,Subsetor Bovespa,Data da|Últ Cotação,Valor de|Mercado|Atual|em milhares,Valor de|Mercado|1 ano atrás|em milhares,Variação|Valor de Merc|em 1 ano|em milhares,Enterprise|Value||em milhares,Fechamento|||em R$,Máximo do|Fechamento|52 semanas|em R$,Fechamento vs|Máx 52 sem||em %,Data do|Máximo de|52 semanas,Volume|no dia||em milhares,Volume Médio|diário|3 meses|em milhares,Volume vs|Média 3 meses||em %,Negócios|no dia||em unidades,Negócios Médio|diário|3 meses|em unidades,Negócios vs|Média 3 meses||em %,Retorno|1 dia||em %,Prêmio vs|Ibovespa|1 dia|em dif p.p.,Retorno|1 mês||em %,Prêmio vs|Ibovespa|1 mês|em dif p.p.,Retorno|12 meses||em %,Prêmio vs|Ibovespa|12 meses|em dif p.p.,Retorno|36 meses||em %,Prêmio vs|Ibovespa|36 meses|em dif p.p.,Retorno|60 meses||em %,Prêmio vs|Ibovespa|60 meses|em dif p.p.,Retorno|no Ano||em %,Prêmio vs|Ibovespa|no Ano|em dif p.p.,Volatilidade|12 meses||em %,VAR 95%|p/ 1 dia|(últ. 12 meses)|em %,Máx Retorno|Mensal|(últ. 12 meses)|em %,Míx Retorno|Mensal|(últ. 12 meses)|em %,Meses acima|do Ibovespa|(últ. 12 meses)|em unidades,Dias acima|do Ibovespa|(últ. 12 meses)|em %,Sharpe|12 meses||em unidades,Correlação|60 meses|vs IBOV,Beta|60 meses|vs IBOV,Dividend Yield|12 meses||em %,Dividendos e|JCP por ação|12 meses|em R$,P / VPA|||em vezes,Preço / Lucro|12 meses||em vezes,Preço / Vendas|12 meses||em vezes,EV vs|EBITDA|12 meses|em vezes,Data do|Último|Balanço,Consolidado,Link da|Última|Nota|Explicativa,Dívida|Bruta||em milhares,Dívida|Líquida||em milhares,Caixa|||em milhares,EBIT vs|Dívida Bruta|12 meses|em %,Dívida Líquida|vs EBITDA|12 meses|em vezes,ROE|12 meses||em %,ROA|12 meses||em %,Lucro Líquido|12 meses||em %,Lucro p/ Ação|12 meses||em R$,Valor Patrimonial|p/ Ação||em R$,Margem Bruta|12 meses||em %,Margem Líquida|12 meses||em %,EBITDA|12 meses||em milhares,Margem EBITDA|12 meses||em %,Capex vs|Depreciação|12 meses|em %
0,VALE3<XBSP>,Vale,ON,VALE3,0.1139,Novo Mercado,Mineração,2021-08-27,507247323.18,311847290.42,195400032.76,511805699.18,100.69,117.3,0.8584,2021-07-28,1957648.67,2557106.75,0.7656000000000001,56537.0,62150.25,0.9097,0.025,0.86,-0.11810000000000001,-8.66,0.8387,63.94,1.0611,51.25,6.081900000000001,499.1,0.22690000000000002,21.29,0.32780000000000004,0.034,0.2882,-0.0742,9.0,0.5425,2.77,0.38,0.43,0.14550000000000002,8.85,2.43,5.67,1.76,3.6,2021-06-30,Sim,https://www.rad.cvm.gov.br/enetconsulta/frmGerenciaPaginaFRE.aspx?CodigoTipoInstituicao=1&NumeroSequencialDocumento=106831,69343450.0,1068756.0,68274694.0,1.8030000000000002,0.01,0.4558,0.1848,910988.78,17.76,41.38,0.6168,0.3041,142183757.0,0.4836,2.1771000000000003
1,ITUB4<XBSP>,ItauUnibanco,PN,ITUB4,0.0676,Nível 1,Intermediários financeiros,2021-08-27,289276508.42,230205418.99,59071089.43,,30.76,33.14,0.9281,2021-06-16,678444.68,1082456.28,0.6268,31625.0,59290.06,0.5334,0.0172,0.07,0.0355,6.71,0.3043,10.5,0.2354,-31.32,0.8393,-25.16,-0.0074,-2.13,0.3185,0.0331,0.21710000000000002,-0.10210000000000001,9.0,0.4656,1.07,0.86,1.06,0.028999999999999998,0.7,2.21,11.99,,,2021-06-30,Sim,https://www.rad.cvm.gov.br/enetconsulta/frmGerenciaPaginaFRE.aspx?CodigoTipoInstituicao=1&NumeroSequencialDocumento=107168,,,,,,0.1746,0.012199999999999999,250580.0,2.57,13.91,0.452,0.2218,,,
2,PETR4<XBSP>,Petrobras,PN,PETR4,0.0599,Nível 2,Petróleo gás e biocombustíveis,2021-08-27,376020210.44,292650167.65,83370042.79,648788210.44,28.49,28.49,1.0,2021-08-27,2140567.09,1964127.45,1.0898,74976.0,90180.52,0.8314,0.0364,1.99,0.1119,14.34,0.40869999999999995,20.94,0.7879,23.93,1.6774,58.65,0.10099999999999999,8.7,0.4633,0.046799999999999994,0.3147,-0.16670000000000001,6.0,0.4939,1.18,0.88,1.66,0.1084,2.4,1.04,3.63,1.08,2.82,2021-06-30,Sim,https://www.rad.cvm.gov.br/enetconsulta/frmGerenciaPaginaFRE.aspx?CodigoTipoInstituicao=1&NumeroSequencialDocumento=107271,318569000.0,266430000.0,52139000.0,0.5403,1.16,0.33909999999999996,0.10949999999999999,1023660.0,7.85,27.3,0.5113,0.3009,230256000.0,0.6720999999999999,0.3346
3,PETR3<XBSP>,Petrobras,ON,PETR3,0.048499999999999995,Nível 2,Petróleo gás e biocombustíveis,2021-08-27,376020210.44,292650167.65,83370042.79,648788210.44,29.08,29.08,1.0,2021-08-27,291003.03,523049.09,0.5564,19682.0,29909.38,0.6581,0.0305,1.4,0.1056,13.71,0.4045,20.52,0.5322,-1.64,1.2055,11.46,0.1027,8.87,0.455,0.0461,0.3447,-0.1895,6.0,0.4939,1.18,0.86,1.67,0.106,2.4,1.07,3.71,1.11,2.82,2021-06-30,Sim,https://www.rad.cvm.gov.br/enetconsulta/frmGerenciaPaginaFRE.aspx?CodigoTipoInstituicao=1&NumeroSequencialDocumento=107271,318569000.0,266430000.0,52139000.0,0.5403,1.16,0.33909999999999996,0.10949999999999999,1023660.0,7.85,27.3,0.5113,0.3009,230256000.0,0.6720999999999999,0.3346
4,BBDC4<XBSP>,Bradesco,PN,BBDC4,0.045700000000000005,Nível 1,Intermediários financeiros,2021-08-27,209746751.23,179346344.08,30400407.15,,23.27,27.81,0.8368000000000001,2021-06-07,477105.95,934649.46,0.5105,29154.0,57880.89,0.5036999999999999,0.0131,-0.34,-0.0432,-1.16,0.2743,7.5,0.32780000000000004,-22.07,0.7756000000000001,-31.53,-0.0302,-4.41,0.32689999999999997,0.034,0.2065,-0.08779999999999999,6.0,0.44530000000000003,0.96,0.89,1.24,0.0601,1.15,1.54,10.38,,,2021-06-30,Sim,https://www.rad.cvm.gov.br/enetconsulta/frmGerenciaPaginaFRE.aspx?CodigoTipoInstituicao=1&NumeroSequencialDocumento=107232,,,,,,0.15539999999999998,0.013500000000000002,217854.98,2.24,15.09,0.5943999999999999,0.2102,,,
5,B3SA3<XBSP>,B3,ON,B3SA3,0.0393,Novo Mercado,Serviços financeiros diversos,2021-08-27,84655263.46,123189832.9,-38534569.45,76385236.46,13.94,20.46,0.6812999999999999,2021-02-05,327623.26,668318.94,0.4902,45338.0,61128.73,0.7417,0.020499999999999997,0.4,-0.13419999999999999,-10.26,-0.2664,-46.57,1.1662000000000001,61.76,1.767,67.61,-0.2962,-31.01,0.35109999999999997,0.0362,0.1042,-0.0933,2.0,0.43320000000000003,-0.7,0.75,0.95,0.0513,1.03,3.73,18.19,8.62,10.06,2021-06-30,Sim,https://www.rad.cvm.gov.br/enetconsulta/frmGerenciaPaginaFRE.aspx?CodigoTipoInstituicao=1&NumeroSequencialDocumento=107516,10057777.0,-8281464.0,18339241.0,0.6489,-1.09,0.1941,0.0946,46837.38,0.77,3.74,0.9490000000000001,0.4736,7590420.0,0.7676999999999999,0.4311
6,ABEV3<XBSP>,Ambev S/A,ON,ABEV3,0.0342,Tradicional,Bebidas,2021-08-27,268161223.44,199495429.04,68665794.4,257848882.44,17.04,19.6,0.8694,2021-06-07,288808.58,440770.41,0.6552,26032.0,37590.17,0.6925,-0.0040999999999999995,-2.05,0.0070999999999999995,3.87,0.386,18.67,-0.0378,-58.64,0.0202,-107.07,0.094,8.01,0.3336,0.0347,0.20149999999999998,-0.0721,7.0,0.5061,1.3,0.63,0.71,0.0387,0.49,3.4,18.4,4.03,10.69,2021-06-30,Sim,https://www.rad.cvm.gov.br/enetconsulta/frmGerenciaPaginaFRE.aspx?CodigoTipoInstituicao=1&NumeroSequencialDocumento=106780,2990595.0,-11524358.0,14514953.0,6.3109,-0.48,0.1916,0.1198,145720.05,0.93,5.01,0.5259,0.2242,24128111.0,0.3628,0.9965
7,WEGE3<XBSP>,Weg,ON,WEGE3,0.0252,Novo Mercado,Máquinas e equipamentos,2021-08-27,154829833.16,139056518.62,15773314.55,152864725.16,36.9,45.65,0.8084,2021-01-18,274538.54,268522.14,1.0224,19884.0,25800.44,0.7706999999999999,0.0034999999999999996,-1.29,0.07780000000000001,10.93,0.1257,-7.36,3.2612,271.26,5.4684,437.75,-0.0158,-2.98,0.3772,0.039,0.1542,-0.06849999999999999,5.0,0.4818,0.48,0.4,0.53,0.012199999999999999,0.41,12.94,47.12,7.55,35.34,2021-06-30,Sim,https://www.rad.cvm.gov.br/enetconsulta/frmGerenciaPaginaFRE.aspx?CodigoTipoInstituicao=1&NumeroSequencialDocumento=106729,1501736.0,-2320491.0,3822227.0,2.5551,-0.54,0.2916,0.1563,32854.42,0.78,2.85,0.3156,0.1631,4325916.0,0.2109,1.178
8,MGLU3<XBSP>,Magaz Luiza,ON,MGLU3,0.024900000000000002,Novo Mercado,Comércio,2021-08-27,126143200.38,149081218.86,-22938018.48,126718280.38,19.03,27.4,0.6945,2020-11-05,431020.8,508841.36,0.8471,47670.0,48048.86,0.9921,0.012199999999999999,-0.42,-0.1128,-8.12,-0.171,-37.03,3.6855,313.69,79.443,7835.21,-0.23670000000000002,-25.07,0.3935,0.0407,0.1045,-0.1629,6.0,0.4575,-0.33,0.38,0.84,0.0018,0.04,16.9,157.91,3.45,57.3,2021-06-30,Sim,https://www.rad.cvm.gov.br/enetconsulta/frmGerenciaPaginaFRE.aspx?CodigoTipoInstituicao=1&NumeroSequencialDocumento=108046,2331887.0,575080.0,1756807.0,0.6317,0.26,0.106,0.0311,7796.2,0.12,1.13,0.25370000000000004,0.0219,2211434.0,0.062,1.3421
9,ITSA4<XBSP>,Itausa,PN,ITSA4,0.023700000000000002,Nível 1,Intermediários financeiros,2021-08-27,96432360.22,84766314.29,11666045.93,101589360.22,11.4,12.01,0.9490999999999999,2021-06-07,219810.01,331759.42,0.6626000000000001,21576.0,33249.5,0.6489,0.0179,0.14,0.0166,4.82,0.2112,1.19,0.37729999999999997,-17.12,1.0476,-4.33,-0.012199999999999999,-2.62,0.2801,0.0291,0.16390000000000002,-0.09369999999999999,7.0,0.46149999999999997,0.82,0.87,1.07,0.032400000000000005,0.31,1.57,8.59,12.93,7.75,2021-06-30,Sim,https://www.rad.cvm.gov.br/enetconsulta/frmGerenciaPaginaFRE.aspx?CodigoTipoInstituicao=1&NumeroSequencialDocumento=107389,8088000.0,1581000.0,6507000.0,1.5333,0.12,0.19899999999999998,0.1514,111670.0,1.33,7.27,0.34020000000000006,1.6184,13103000.0,1.7672999999999999,2.8989
10,GNDI3<XBSP>,Intermedica,ON,GNDI3,0.022099999999999998,Novo Mercado,Serviços médico-hospitalares análises e diagnósticos,2021-08-27,49649773.42,44404558.33,5245215.09,51158065.42,80.74,101.1,0.7986,2021-01-11,314423.54,271027.39,1.1601000000000001,13281.0,13898.39,0.9556,-0.0007000000000000001,-1.72,0.008199999999999999,3.98,0.10039999999999999,-9.89,2.2936,174.5,,,0.0342,2.03,0.41759999999999997,0.0452,0.20629999999999998,-0.122,5.0,0.4413,0.4,,,0.0039000000000000003,0.28,6.89,177.99,4.24,47.02,2021-06-30,Sim,https://www.rad.cvm.gov.br/enetconsulta/frmGerenciaPaginaFRE.aspx?CodigoTipoInstituicao=1&NumeroSequencialDocumento=107480,3709006.0,1507493.0,2201513.0,0.19519999999999998,1.39,0.0395,0.0158,2762.9,0.45,11.71,0.2177,0.023799999999999998,1087960.0,0.09369999999999999,-6.9018
11,SUZB3<XBSP>,Suzano S.A.,ON,SUZB3,0.0207,Novo Mercado,Madeira e papel,2021-08-27,83516815.8,69376973.64,14139842.16,141059076.8,61.9,79.18,0.7818,2021-03-09,367199.14,404229.49,0.9084,27800.0,25225.14,1.1020999999999999,0.0034000000000000002,-1.31,0.1036,13.52,0.20379999999999998,0.45,0.2711,-27.74,,,0.0574,4.34,0.3489,0.0362,0.17920000000000003,-0.11560000000000001,4.0,0.502,0.71,,,0.0,0.0,5.76,6.94,2.44,6.96,2021-06-30,Sim,https://www.rad.cvm.gov.br/enetconsulta/frmGerenciaPaginaFRE.aspx?CodigoTipoInstituicao=1&NumeroSequencialDocumento=107513,68476998.0,57443161.0,11033837.0,0.1956,2.84,1.3999000000000001,0.1165,120326.7,8.92,10.74,0.44530000000000003,0.3518,20257264.0,0.5920000000000001,0.5689
12,NTCO3<XBSP>,Grupo Natura,ON,NTCO3,0.020499999999999997,Novo Mercado,Produtos de uso pessoal e de limpeza,2021-08-27,72760470.13,61580133.18,11180336.95,78930846.13,52.8,61.05,0.8649,2021-07-12,165319.5,375045.48,0.44079999999999997,12175.0,25201.72,0.48310000000000003,0.0028000000000000004,-1.36,-0.1013,-6.97,0.0725,-12.68,2.5827,203.41,2.468,137.71,0.005699999999999999,-0.82,0.3348,0.0347,0.1007,-0.0984,2.0,0.47369999999999995,0.32,0.57,1.11,0.0,0.0,2.76,110.88,1.71,18.85,2021-06-30,Sim,https://www.rad.cvm.gov.br/enetconsulta/frmGerenciaPaginaFRE.aspx?CodigoTipoInstituicao=1&NumeroSequencialDocumento=107703,14142358.0,6152927.0,7989431.0,0.09910000000000001,1.47,0.0254,0.010700000000000001,6387.75,0.48,19.13,0.6469,0.0152,4186218.0,0.1011,0.37520000000000003
13,JBSS3<XBSP>,JBS,ON,JBSS3,0.019799999999999998,Novo Mercado,Alimentos processados,2021-08-27,77964623.97,61585448.97,16379175.0,134190087.96,31.05,33.24,0.9342,2021-04-26,314615.53,348369.82,0.9031,26002.0,31358.42,0.8292,-0.0105,-2.7,0.019799999999999998,5.13,0.4341,23.48,2.5309,198.24,1.7706,67.97,0.40009999999999996,38.62,0.3089,0.032,0.1902,-0.0789,7.0,0.5223,1.53,0.28,0.43,0.0873,2.02,1.86,5.95,0.26,4.44,2021-06-30,Sim,https://www.rad.cvm.gov.br/enetconsulta/frmGerenciaPaginaFRE.aspx?CodigoTipoInstituicao=1&NumeroSequencialDocumento=107560,71032783.0,52911050.0,18121733.0,0.307,1.75,0.32020000000000004,0.0787,135800.73,5.22,16.69,0.1661,0.044199999999999996,30193495.0,0.0983,1.2042
14,BBAS3<XBSP>,Brasil,ON,BBAS3,0.018000000000000002,Novo Mercado,Intermediários financeiros,2021-08-27,87114283.71,93408564.78,-6294281.07,,30.53,37.88,0.8059000000000001,2021-01-08,183204.14,403051.0,0.4545,16651.0,27501.08,0.6054999999999999,0.015300000000000001,-0.12,-0.0472,-1.57,-0.009000000000000001,-20.83,0.1679,-38.06,0.6712,-41.97,-0.17350000000000002,-18.75,0.32030000000000003,0.0329,0.1494,-0.1589,5.0,0.41700000000000004,0.05,0.82,1.45,0.0588,1.93,0.61,5.43,,,2021-06-30,Sim,https://www.rad.cvm.gov.br/enetconsulta/frmGerenciaPaginaFRE.aspx?CodigoTipoInstituicao=1&NumeroSequencialDocumento=107267,,,,,,0.13470000000000001,0.009399999999999999,160335.57,5.62,50.2,0.4359,0.1877,,,
15,RENT3<XBSP>,Localiza,ON,RENT3,0.0159,Novo Mercado,Diversos,2021-08-27,43852793.6,36890253.36,6962540.24,50915583.6,58.3,73.68,0.7912,2021-01-14,391425.67,342360.31,1.1433,28315.0,22601.92,1.2528,0.0418,2.54,-0.1274,-9.58,0.19469999999999998,-0.46,1.7671999999999999,121.87,4.1623,307.14,-0.1516,-16.56,0.3997,0.0415,0.177,-0.092,5.0,0.4858,0.66,0.71,1.31,0.0077,0.38,6.39,26.43,3.83,17.11,2021-06-30,Sim,https://www.rad.cvm.gov.br/enetconsulta/frmGerenciaPaginaFRE.aspx?CodigoTipoInstituicao=1&NumeroSequencialDocumento=106843,11162703.0,7062790.0,4099913.0,0.2267,2.37,0.26899999999999996,0.0774,16575.26,2.21,9.12,0.33899999999999997,0.1449,2976006.0,0.2602,0.2958
16,LREN3<XBSP>,Lojas Renner,ON,LREN3,0.015600000000000001,Novo Mercado,Comércio,2021-08-27,34222251.56,33828879.39,393372.17,31996373.56,38.21,48.67,0.785,2021-06-08,278437.4,373493.07,0.7454999999999999,18779.0,27968.44,0.6714,0.0079,-0.85,-0.09,-5.84,-0.09720000000000001,-29.65,0.4617,-8.68,0.9381999999999999,-15.27,-0.11810000000000001,-13.2,0.38530000000000003,0.0404,0.1931,-0.11599999999999999,3.0,0.4656,-0.14,0.77,1.11,0.0087,0.37,3.66,97.85,3.47,23.97,2021-06-30,Sim,https://www.rad.cvm.gov.br/enetconsulta/frmGerenciaPaginaFRE.aspx?CodigoTipoInstituicao=1&NumeroSequencialDocumento=107633,3388887.0,-2225878.0,5614765.0,0.145,-1.67,0.0429,0.0169,3164.51,0.39,10.43,0.5635,0.0354,1334789.0,0.1494,0.9573999999999999
17,BRDT3<XBSP>,Petrobras BR,ON,BRDT3,0.0146,Novo Mercado,Petróleo gás e biocombustíveis,2021-08-27,31594800.0,24488300.0,7106500.0,38411800.0,27.12,29.46,0.9206,2021-07-05,345564.11,364092.82,0.9490999999999999,28541.0,32726.8,0.8721,0.025699999999999997,0.93,-0.06,-2.84,0.4094,21.01,0.8804000000000001,33.18,,,0.3132,29.93,0.3443,0.0358,0.1462,-0.1436,7.0,0.4899,1.35,,,0.0946,1.99,2.68,7.25,0.31,6.5,2021-06-30,Sim,https://www.rad.cvm.gov.br/enetconsulta/frmGerenciaPaginaFRE.aspx?CodigoTipoInstituicao=1&NumeroSequencialDocumento=107458,9128000.0,6817000.0,2311000.0,0.5875,1.15,0.40369999999999995,0.1525,43570.0,3.74,10.11,0.0603,0.0433,5908000.0,0.0587,1.0404
18,BPAC11<XBSP>,Btgp Banco,UNT,BPAC11,0.013999999999999999,Nível 2,Intermediários financeiros,2021-08-27,157429487.08,104467237.81,52962249.26,,29.21,32.09,0.9104000000000001,2021-07-26,197343.16,370644.81,0.5324,25833.0,29285.48,0.8820999999999999,0.0406,2.42,-0.0724,-4.08,0.42969999999999997,23.04,4.9626,441.4,,,0.2591,24.51,0.387,0.0401,0.1866,-0.0931,7.0,0.4534,1.32,0.71,1.63,0.015700000000000002,0.11,3.19,21.04,,,2021-06-30,Sim,https://www.rad.cvm.gov.br/enetconsulta/frmGerenciaPaginaFRE.aspx?CodigoTipoInstituicao=1&NumeroSequencialDocumento=107412,,,,,,0.16149999999999998,0.0152,50859.96,0.46,3.05,0.48469999999999996,0.2902,,,
19,GGBR4<XBSP>,Gerdau,PN,GGBR4,0.013300000000000001,Nível 1,Siderurgia e metalurgia,2021-08-27,46430995.74,31042528.24,15388467.5,56826134.74,28.95,36.55,0.792,2021-05-11,288079.57,419689.0,0.6864,26515.0,30226.23,0.8772,0.0179,0.15,-0.0387,-0.71,0.5756,37.63,0.9405,39.19,2.4717,138.08,0.2253,21.13,0.3815,0.0395,0.1736,-0.1005,6.0,0.5182,1.74,0.63,1.19,0.0706,1.36,1.37,6.01,0.8,3.63,2021-06-30,Sim,https://www.rad.cvm.gov.br/enetconsulta/frmGerenciaPaginaFRE.aspx?CodigoTipoInstituicao=1&NumeroSequencialDocumento=107243,15806161.0,10168347.0,5637814.0,0.8266,0.65,0.2487,0.1234,82017.56,4.82,21.06,0.2213,0.13470000000000001,15676046.0,0.2557,0.9460999999999999
20,RADL3<XBSP>,RaiaDrogasil,ON,RADL3,0.0128,Novo Mercado,Comércio e distribuição,2021-08-27,42656626.82,35544291.03,7112335.79,43978407.82,25.85,28.31,0.9131999999999999,2021-06-07,71918.47,133674.92,0.5379999999999999,12749.0,16094.47,0.7920999999999999,0.0051,-1.14,-0.0084,2.31,0.2052,0.59,0.6426000000000001,9.41,1.2516,16.07,0.0347,2.08,0.32380000000000003,0.0335,0.0877,-0.12210000000000001,8.0,0.5263,0.74,0.31,0.36,0.0054,0.12,9.14,57.35,1.93,17.25,2021-06-30,Sim,https://www.rad.cvm.gov.br/enetconsulta/frmGerenciaPaginaFRE.aspx?CodigoTipoInstituicao=1&NumeroSequencialDocumento=107470,1557038.0,1290353.0,266685.0,0.8371999999999999,0.51,0.1714,0.053899999999999997,7434.98,0.45,2.83,0.2967,0.0341,2549189.0,0.1152,0.6107
21,CSAN3<XBSP>,Cosan,ON,CSAN3,0.0121,Novo Mercado,Petróleo gás e biocombustíveis,2021-08-27,41986282.51,31890937.55,10095344.96,83934529.51,22.49,27.2,0.8268000000000001,2021-07-22,181155.19,266739.65,0.6790999999999999,36765.0,30233.8,1.216,0.0149,-0.16,-0.1452,-11.36,0.09759999999999999,-10.17,1.5712000000000002,102.27,1.8222999999999998,73.14,0.2018,18.78,0.37520000000000003,0.0391,0.1931,-0.17920000000000003,6.0,0.4413,0.39,0.68,0.93,0.0124,0.26,4.07,14.77,1.96,14.72,2021-06-30,Sim,https://www.rad.cvm.gov.br/enetconsulta/frmGerenciaPaginaFRE.aspx?CodigoTipoInstituicao=1&NumeroSequencialDocumento=107917,38728709.0,30161259.0,8567450.0,0.11470000000000001,5.29,0.17300000000000001,0.0364,25051.56,1.52,5.53,0.2607,0.1518,5701494.0,0.3014,2.2654
22,EQTL3<XBSP>,Equatorial,ON,EQTL3,0.0118,Novo Mercado,Energia elétrica,2021-08-27,24847597.67,23943780.22,903817.46,36447773.67,25.3,25.83,0.9795,2021-05-21,83118.09,162392.08,0.5118,11445.0,17859.94,0.6408,-0.0039000000000000003,-2.04,0.0268,5.84,0.099,-10.02,1.3094,76.09,1.7338999999999998,64.3,0.1247,11.07,0.3041,0.0316,0.23379999999999998,-0.1075,4.0,0.4858,0.4,0.83,0.99,0.0304,0.72,2.35,8.48,1.34,6.19,2021-06-30,Sim,https://www.rad.cvm.gov.br/enetconsulta/frmGerenciaPaginaFRE.aspx?CodigoTipoInstituicao=1&NumeroSequencialDocumento=107542,17770098.0,9648629.0,8121469.0,0.2833,1.64,0.3044,0.0815,29923.57,2.98,10.76,0.3321,0.1875,5890294.0,0.31170000000000003,-1.1535
23,BBDC3<XBSP>,Bradesco,ON,BBDC3,0.0115,Nível 1,Intermediários financeiros,2021-08-27,209746751.23,179346344.08,30400407.15,,19.94,23.83,0.8369,2021-06-07,63424.64,156618.03,0.405,10303.0,14329.77,0.7190000000000001,0.0127,-0.38,-0.0447,-1.31,0.177,-2.23,0.2995,-24.91,0.5129,-57.8,-0.0663,-8.02,0.3191,0.0331,0.19260000000000002,-0.1051,6.0,0.44939999999999997,0.65,0.89,1.24,0.0588,1.05,1.32,8.9,,,2021-06-30,Sim,https://www.rad.cvm.gov.br/enetconsulta/frmGerenciaPaginaFRE.aspx?CodigoTipoInstituicao=1&NumeroSequencialDocumento=107232,,,,,,0.15539999999999998,0.013500000000000002,217854.98,2.24,15.09,0.5943999999999999,0.2102,,,
24,KLBN11<XBSP>,Klabin S/A,UNT N2,KLBN11,0.011399999999999999,Nível 2,Madeira e papel,2021-08-27,30649154.78,28572293.1,2076861.68,50400586.78,26.72,31.18,0.857,2021-02-24,167591.67,188888.36,0.8873000000000001,26484.0,21892.59,1.2097,0.0125,-0.4,0.051100000000000007,8.27,0.0245,-17.48,0.33990000000000004,-20.87,0.8873000000000001,-20.36,0.009399999999999999,-0.45,0.28300000000000003,0.029300000000000003,0.0924,-0.0739,4.0,0.4939,0.14,0.29,0.33,0.0,0.0,5.5,13.56,2.09,8.04,2021-06-30,Sim,https://www.rad.cvm.gov.br/enetconsulta/frmGerenciaPaginaFRE.aspx?CodigoTipoInstituicao=1&NumeroSequencialDocumento=107485,27020755.0,18770420.0,8250335.0,0.1412,2.99,0.4696,0.0594,21510.84,0.39,0.97,0.3954,0.1632,6267821.0,0.4495,1.9344999999999999
25,CSNA3<XBSP>,Sid Nacional,ON,CSNA3,0.0111,Tradicional,Siderurgia e metalurgia,2021-08-27,51685289.78,20632712.48,31052577.31,64342111.78,37.45,50.37,0.7436,2021-05-11,351310.63,487165.77,0.7211,24738.0,27988.89,0.8839,0.024300000000000002,0.79,-0.1789,-14.73,1.6095,141.02,3.8091000000000004,326.06,3.7544999999999997,266.36,0.2249,21.09,0.5036999999999999,0.0525,0.3547,-0.1766,7.0,0.5223,3.82,0.57,1.27,0.1285,1.92,2.38,3.44,1.13,2.93,2021-06-30,Sim,https://www.rad.cvm.gov.br/enetconsulta/frmGerenciaPaginaFRE.aspx?CodigoTipoInstituicao=1&NumeroSequencialDocumento=106721,34598280.0,9277400.0,25320880.0,0.5593,0.42,1.0713,0.20600000000000002,150157.54,10.88,15.74,0.4757,0.35729999999999995,21995676.0,0.48009999999999997,-0.3539
26,RAIL3<XBSP>,Rumo S.A.,ON,RAIL3,0.010700000000000001,Novo Mercado,Transporte,2021-08-27,35214792.75,41772678.12,-6557885.37,46923132.75,19.01,22.64,0.8397,2020-09-01,338917.7,175321.39,1.9331,22147.0,21144.64,1.0473999999999999,0.0149,-0.15,-0.0861,-5.45,-0.1566,-35.59,0.38049999999999995,-16.8,,,-0.012,-2.59,0.3508,0.0364,0.1188,-0.1566,3.0,0.44939999999999997,-0.37,,,0.0,0.0,2.28,52.98,4.48,11.92,2021-06-30,Sim,https://www.rad.cvm.gov.br/enetconsulta/frmGerenciaPaginaFRE.aspx?CodigoTipoInstituicao=1&NumeroSequencialDocumento=107714,16187565.0,11392690.0,4794875.0,0.1325,2.89,0.0541,0.0155,6497.27,0.36,8.34,0.3368,0.0864,3936009.0,0.5127,2.0509
27,ENEV3<XBSP>,Eneva,ON,ENEV3,0.009300000000000001,Novo Mercado,Energia elétrica,2021-08-27,20475434.04,16041014.4,4434419.64,26110624.04,16.18,18.61,0.8693000000000001,2021-02-08,60738.32,84847.3,0.7159,10572.0,16368.97,0.6459,0.0253,0.89,-0.0271,0.45,0.27399999999999997,7.47,4.0961,354.75,3.373,228.21,0.042199999999999994,2.82,0.3661,0.0381,0.2584,-0.1216,6.0,0.4939,0.9,0.53,0.65,0.0,0.0,2.5,19.21,5.52,15.41,2021-06-30,Sim,https://www.rad.cvm.gov.br/enetconsulta/frmGerenciaPaginaFRE.aspx?CodigoTipoInstituicao=1&NumeroSequencialDocumento=107304,7392507.0,5638599.0,1753908.0,0.156,3.33,0.1378,0.0634,10633.28,0.84,6.48,0.4228,0.2873,1694047.0,0.4579,2.8329000000000004
28,BIDI11<XBSP>,Banco Inter,UNT,BIDI11,0.009000000000000001,Nível 2,Intermediários financeiros,2021-08-27,62038972.91,15385703.73,46653269.18,,71.86,84.86,0.8468000000000001,2021-07-21,362475.91,276851.29,1.3093000000000001,22340.0,15442.31,1.4466999999999999,0.0706,5.42,-0.0641,-3.25,2.2392,203.99,,,,,1.1913,117.73,0.6393,0.068,0.47850000000000004,-0.1616,7.0,0.5304,4.52,,,0.0022,0.02,7.14,2008.29,,,2021-06-30,Sim,https://www.rad.cvm.gov.br/enetconsulta/frmGerenciaPaginaFRE.aspx?CodigoTipoInstituicao=1&NumeroSequencialDocumento=107568,,,,,,0.0092,0.0017000000000000001,268.97,0.01,3.35,0.5782,0.0384,,,
29,BRFS3<XBSP>,BRF SA,ON,BRFS3,0.0089,Novo Mercado,Alimentos processados,2021-08-27,19280088.19,15901103.61,3378984.58,34651028.19,23.85,30.07,0.7931,2021-06-15,73134.75,196177.17,0.3728,9901.0,18325.5,0.5403,0.0115,-0.5,-0.0691,-3.75,0.2107,1.14,0.1961,-35.25,-0.5566,-164.75,0.0821,6.82,0.3862,0.0407,0.3129,-0.1757,5.0,0.4211,0.7,0.59,1.28,0.0,0.0,2.31,21.26,0.44,6.28,2021-06-30,Sim,https://www.rad.cvm.gov.br/enetconsulta/frmGerenciaPaginaFRE.aspx?CodigoTipoInstituicao=1&NumeroSequencialDocumento=107639,22555183.0,15296931.0,7258252.0,0.1292,2.77,0.11689999999999999,0.0182,9059.15,1.12,10.31,0.2213,0.0207,5521196.0,0.1265,-0.0246
30,VIVT3<XBSP>,Telef Brasil,ON,VIVT3,0.0088,Tradicional,Telecomunicações,2021-08-27,72806300.61,82939005.32,-10132704.71,77315948.61,43.21,47.04,0.9185,2021-02-11,76229.18,98693.64,0.7724,8968.0,11097.69,0.8081,0.0016,-1.48,0.0593,9.09,-0.0575,-25.68,0.5234000000000001,-2.51,0.5650999999999999,-52.58,-0.0331,-4.71,0.2091,0.0216,0.0591,-0.08310000000000001,4.0,0.4211,-0.3,0.27,0.17,0.06480000000000001,3.19,1.06,15.22,1.68,4.19,2021-06-30,Sim,https://www.rad.cvm.gov.br/enetconsulta/frmGerenciaPaginaFRE.aspx?CodigoTipoInstituicao=1&NumeroSequencialDocumento=106705,12944544.0,4509648.0,8434896.0,0.5268999999999999,0.24,0.0694,0.0421,47913.57,2.84,40.81,0.4548,0.11019999999999999,18445092.0,0.4242,0.6448999999999999
31,TOTS3<XBSP>,Totvs,ON,TOTS3,0.0087,Novo Mercado,Programas e serviços,2021-08-27,22456261.39,16016365.81,6439895.57,23211563.39,39.48,39.48,1.0,2021-08-27,108972.49,134136.11,0.8123999999999999,13123.0,16105.12,0.8148000000000001,0.013600000000000001,-0.28,0.07339999999999999,10.5,0.41200000000000003,21.27,3.3985000000000003,285.0,3.0989,200.8,0.382,36.81,0.3834,0.0397,0.1192,-0.0781,7.0,0.5304,1.28,0.51,0.86,0.009899999999999999,0.28,8.25,66.96,7.86,32.76,2021-06-30,Sim,https://www.rad.cvm.gov.br/enetconsulta/frmGerenciaPaginaFRE.aspx?CodigoTipoInstituicao=1&NumeroSequencialDocumento=107269,1845657.0,755302.0,1090355.0,0.258,1.07,0.1278,0.044000000000000004,3347.46,0.59,4.79,0.7047,0.1174,708458.0,0.24850000000000003,7.796799999999999
32,HAPV3<XBSP>,Hapvida,ON,HAPV3,0.0086,Novo Mercado,Serviços médico-hospitalares análises e diagnósticos,2021-08-27,57171419.66,46629766.84,10541652.82,56772190.66,14.85,18.18,0.8170000000000001,2021-01-11,223418.89,159135.36,1.4040000000000001,27647.0,21726.75,1.2725,-0.0074,-2.38,0.0348,6.64,0.1895,-0.98,1.9259,137.73,,,-0.023799999999999998,-3.78,0.37079999999999996,0.0391,0.12710000000000002,-0.0973,5.0,0.4575,0.65,,,0.006,0.08,5.36,93.37,6.09,33.35,2021-06-30,Sim,https://www.rad.cvm.gov.br/enetconsulta/frmGerenciaPaginaFRE.aspx?CodigoTipoInstituicao=1&NumeroSequencialDocumento=107512,2094622.0,-402851.0,2497473.0,0.40049999999999997,-0.24,0.0652,0.0346,5949.72,0.16,2.77,0.3406,0.06559999999999999,1702568.0,0.1866,0.5157
33,EMBR3<XBSP>,Embraer,ON,EMBR3,0.008,Novo Mercado,Material de transporte,2021-08-27,17396109.44,5396148.09,11999961.35,27397182.44,23.68,23.68,1.0,2021-08-27,228482.81,215808.14,1.0587,16781.0,21131.77,0.7940999999999999,0.0242,0.78,0.2516,28.32,2.2306,203.13,0.1881,-36.04,0.7172,-37.36,1.6757,166.18,0.5617,0.0593,0.3914,-0.1499,9.0,0.4777,4.84,0.43,0.93,0.0,0.0,1.25,-24.6,0.72,13.03,2021-06-30,Sim,https://www.rad.cvm.gov.br/enetconsulta/frmGerenciaPaginaFRE.aspx?CodigoTipoInstituicao=1&NumeroSequencialDocumento=107744,21668883.0,9443517.0,12225366.0,0.042,4.49,-0.0458,-0.013600000000000001,-7082.02,-0.96,18.89,0.12279999999999999,-0.028999999999999998,2103246.0,0.0866,0.8881999999999999
34,VIIA3<XBSP>,Via,ON,VIIA3,0.008,Novo Mercado,Comércio,2021-08-27,14102237.98,32503050.12,-18400812.14,21270237.98,10.87,20.61,0.5274,2020-09-02,202730.53,511832.76,0.3961,28140.0,49080.34,0.5733,-0.0018,-1.83,-0.1796,-14.8,-0.4661,-66.54,0.782,23.34,2.6807,158.98,-0.3274,-34.13,0.4429,0.045700000000000005,0.2165,-0.2027,2.0,0.4211,-0.98,0.64,2.21,0.0,0.0,2.24,14.01,0.53,8.85,2021-06-30,Sim,https://www.rad.cvm.gov.br/enetconsulta/frmGerenciaPaginaFRE.aspx?CodigoTipoInstituicao=1&NumeroSequencialDocumento=107539,9509000.0,7168000.0,2341000.0,0.1548,2.98,0.2181,0.037000000000000005,12380.0,0.78,4.86,0.3196,0.0379,2403000.0,0.0735,0.6735
35,AMER3<XBSP>,Americanas,ON,AMER3,0.0077,Novo Mercado,Comércio,2021-08-27,37830494.9,58362988.44,-20532493.54,39523936.9,42.06,113.51,0.3705,2020-09-01,232219.08,217656.64,1.0669,18837.0,15746.02,1.1963,-0.0271,-4.35,-0.1891,-15.76,-0.6219,-82.12,0.5849,3.63,1.6805,58.96,-0.4437,-45.77,0.5077,0.0525,0.109,-0.2591,4.0,0.36840000000000006,-1.16,0.51,1.09,0.0,0.0,1.5,-108.18,1.74,45.26,2021-06-30,Sim,https://www.rad.cvm.gov.br/enetconsulta/frmGerenciaPaginaFRE.aspx?CodigoTipoInstituicao=1&NumeroSequencialDocumento=107709,14942779.0,1693442.0,13249337.0,0.0125,1.94,-0.0202,-0.005,-2146.25,-0.39,28.09,0.2879,-0.0161,873344.0,0.06559999999999999,1.4165999999999999
36,BRKM5<XBSP>,Braskem,PNA,BRKM5,0.0076,Nível 1,Químicos,2021-08-27,48375170.44,18146569.81,30228600.63,67421791.44,62.6,62.87,0.9956999999999999,2021-07-21,167099.01,156774.65,1.0659,12287.0,13200.02,0.9308,0.0152,-0.12,0.0793,11.09,1.8159999999999998,161.67,0.0852,-46.33,2.3681,127.72,1.6559,164.2,0.44630000000000003,0.0464,0.32280000000000003,-0.0463,9.0,0.5142,4.66,0.34,0.75,0.0,0.0,5.76,5.33,0.59,3.32,2021-06-30,Sim,https://www.rad.cvm.gov.br/enetconsulta/frmGerenciaPaginaFRE.aspx?CodigoTipoInstituicao=1&NumeroSequencialDocumento=107270,34110085.0,20539675.0,13570410.0,0.4793,1.01,,0.1082,93510.51,11.75,10.88,0.3048,0.11349999999999999,20309124.0,0.2422,0.6186
37,UGPA3<XBSP>,Ultrapar,ON,UGPA3,0.0073,Novo Mercado,Petróleo gás e biocombustíveis,2021-08-27,15984340.79,21164292.58,-5179951.79,28053485.79,14.66,24.09,0.6084,2021-01-08,134447.26,132855.96,1.012,20483.0,17406.64,1.1767,0.0021,-1.44,-0.1789,-14.73,-0.2186,-41.79,-0.2741,-82.27,-0.5526,-164.35,-0.35979999999999995,-37.37,0.4329,0.0447,0.24109999999999998,-0.15990000000000001,5.0,0.4534,-0.39,0.67,1.12,0.0329,0.64,1.65,20.15,0.17,10.38,2021-06-30,Sim,https://www.rad.cvm.gov.br/enetconsulta/frmGerenciaPaginaFRE.aspx?CodigoTipoInstituicao=1&NumeroSequencialDocumento=107575,17901349.0,11685069.0,6216280.0,0.09609999999999999,4.32,0.08470000000000001,0.023,7925.41,0.73,8.86,0.066,0.0086,2703583.0,0.027999999999999997,1.2651000000000001
38,PRIO3<XBSP>,Petrorio,ON,PRIO3,0.0072,Novo Mercado,Petróleo gás e biocombustíveis,2021-08-27,16281513.63,5821379.96,10460133.67,15621770.63,19.4,21.49,0.9027,2021-07-05,433575.58,248153.11,1.7472,39733.0,27699.11,1.4344999999999999,0.0742,5.77,0.0808,11.24,1.2521,105.29,10.3583,980.98,64.76270000000001,6367.18,0.382,36.8,0.5831000000000001,0.062400000000000004,0.6019,-0.1671,7.0,0.502,2.73,0.58,1.88,0.0,0.0,3.0,14.93,4.75,6.54,2021-06-30,Sim,https://www.rad.cvm.gov.br/enetconsulta/frmGerenciaPaginaFRE.aspx?CodigoTipoInstituicao=1&NumeroSequencialDocumento=107171,3856972.0,-659743.0,4516715.0,0.3962,-0.28,0.2422,0.09230000000000001,9691.38,1.3,6.46,0.4882,0.3181,2388485.0,0.7839,1.1381000000000001
39,SANB11<XBSP>,Santander BR,UNT,SANB11,0.0068000000000000005,Tradicional,Intermediários financeiros,2021-08-27,154193183.25,107059169.0,47134014.25,,41.64,44.78,0.9298000000000001,2021-06-07,61370.14,106516.96,0.5761999999999999,7359.0,10170.92,0.7234999999999999,0.0181,0.16,0.0341,6.57,0.5282,32.89,0.41119999999999995,-13.74,1.4182,32.73,-0.0258,-3.98,0.3604,0.037599999999999995,0.23190000000000002,-0.1208,7.0,0.4858,1.66,0.8,1.17,0.0751,1.08,1.97,10.65,,,2021-06-30,Sim,https://www.rad.cvm.gov.br/enetconsulta/frmGerenciaPaginaFRE.aspx?CodigoTipoInstituicao=1&NumeroSequencialDocumento=106728,,,,,,0.1888,0.015600000000000001,145888.98,1.95,10.58,0.7195,0.2466,,,
40,BRAP4<XBSP>,Bradespar,PN,BRAP4,0.0066,Nível 1,Mineração,2021-08-27,21622275.89,14595787.38,7026488.51,20873347.89,64.37,79.59,0.8088,2021-07-28,78071.49,157962.14,0.49420000000000003,6157.0,11612.67,0.5302,0.0171,0.06,-0.1698,-13.83,0.6544,45.51,1.3833000000000002,83.48,7.192200000000001,610.13,0.0883,7.44,0.34049999999999997,0.0353,0.2961,-0.1297,10.0,0.5425,2.12,0.53,0.76,0.1654,7.23,1.67,4.42,,4.12,2021-06-30,Sim,https://www.rad.cvm.gov.br/enetconsulta/frmGerenciaPaginaFRE.aspx?CodigoTipoInstituicao=1&NumeroSequencialDocumento=107586,0.0,-748928.0,748928.0,,-0.15,0.4153,0.37579999999999997,50649.95,14.55,38.56,,,5069044.0,,
41,CMIG4<XBSP>,Cemig,PN,CMIG4,0.0066,Nível 1,Energia elétrica,2021-08-27,24353000.55,16396310.17,7956690.38,31546876.55,13.24,13.96,0.9484,2021-06-07,140788.49,98470.67,1.4298,17394.0,17483.53,0.9948999999999999,0.0161,-0.03,0.0915,12.31,0.47240000000000004,27.31,1.3706,82.2,1.3922999999999999,30.14,0.08199999999999999,6.8,0.3071,0.0319,0.2322,-0.127,9.0,0.5142,1.67,0.69,1.23,0.0906,0.88,1.13,5.28,0.81,4.2,2021-06-30,Sim,https://www.rad.cvm.gov.br/enetconsulta/frmGerenciaPaginaFRE.aspx?CodigoTipoInstituicao=1&NumeroSequencialDocumento=108005,13318988.0,7188972.0,6130016.0,0.4905,0.96,0.23129999999999998,0.0789,42456.88,2.51,11.72,0.2048,0.1533,7513652.0,0.2713,1.6716
42,CCRO3<XBSP>,CCR SA,ON,CCRO3,0.006500000000000001,Novo Mercado,Transporte,2021-08-27,25633749.24,26219600.0,-585850.76,40157346.24,12.69,14.52,0.8737,2020-09-14,106971.83,117392.95,0.9112,16118.0,18644.05,0.8645,0.0259,0.94,-0.06,-2.84,-0.0011,-20.04,0.5164,-3.21,-0.1059,-119.68,-0.0513,-6.52,0.3696,0.0385,0.1685,-0.1063,4.0,0.4372,0.11,0.65,1.06,0.0212,0.27,3.12,37.24,2.22,6.48,2021-06-30,Sim,https://www.rad.cvm.gov.br/enetconsulta/frmGerenciaPaginaFRE.aspx?CodigoTipoInstituicao=1&NumeroSequencialDocumento=107684,20632964.0,14179294.0,6453670.0,0.1521,2.29,0.0944,0.022099999999999998,6883.78,0.34,4.06,0.3833,0.0695,6200853.0,0.5372,0.7079000000000001
43,HYPE3<XBSP>,Hypera,ON,HYPE3,0.006500000000000001,Novo Mercado,Comércio e distribuição,2021-08-27,21798596.78,20522171.06,1276425.72,26339428.78,34.49,37.0,0.9322,2021-08-02,68864.29,104694.12,0.6578,10522.0,12514.8,0.8408,-0.0014000000000000002,-1.79,-0.025699999999999997,0.59,0.1014,-9.79,0.32899999999999996,-21.96,0.6436,-44.73,0.025699999999999997,1.17,0.3356,0.0348,0.1509,-0.057800000000000004,3.0,0.47369999999999995,0.41,0.62,0.58,0.037000000000000005,1.2,2.27,15.18,4.45,15.53,2021-06-30,Sim,https://www.rad.cvm.gov.br/enetconsulta/frmGerenciaPaginaFRE.aspx?CodigoTipoInstituicao=1&NumeroSequencialDocumento=106632,6587232.0,4537887.0,2049345.0,0.23870000000000002,2.68,0.154,0.0774,14365.99,2.27,15.17,0.6399,0.293,1696313.0,0.3461,41.619
44,ELET3<XBSP>,Eletrobras,ON,ELET3,0.0064,Nível 1,Energia elétrica,2021-08-27,60993560.95,56708241.21,4285319.74,84679832.95,38.83,47.57,0.8162999999999999,2021-06-21,73899.92,225260.48,0.3281,8823.0,18804.64,0.4692,0.0005,-1.59,-0.0861,-5.46,0.1583,-4.1,2.1641,161.55,1.4295,33.86,0.139,12.5,0.39280000000000004,0.0409,0.1916,-0.21760000000000002,5.0,0.44530000000000003,0.56,0.64,1.49,0.0661,2.39,0.81,10.91,2.24,12.63,2021-06-30,Sim,https://www.rad.cvm.gov.br/enetconsulta/frmGerenciaPaginaFRE.aspx?CodigoTipoInstituicao=1&NumeroSequencialDocumento=107571,47238963.0,23421870.0,23817093.0,0.11,3.49,0.0741,0.031,55841.12,3.56,47.96,0.5922999999999999,0.20670000000000002,6702997.0,0.2465,1.3021
45,BBSE3<XBSP>,BBSeguridade,ON,BBSE3,0.0060999999999999995,Novo Mercado,Previdência e seguros,2021-08-27,39394625.22,52910819.05,-13516193.83,,19.73,29.04,0.6793,2020-12-17,87675.7,143755.69,0.6099,19902.0,20542.67,0.9688,0.005600000000000001,-1.08,-0.061500000000000006,-2.99,-0.2243,-42.36,0.0215,-52.7,0.0079,-108.3,-0.3062,-32.02,0.2439,0.0252,0.2061,-0.08,1.0,0.4291,-0.93,0.75,0.73,0.037599999999999995,1.0,5.71,10.53,,,2021-06-30,Sim,https://www.rad.cvm.gov.br/enetconsulta/frmGerenciaPaginaFRE.aspx?CodigoTipoInstituicao=1&NumeroSequencialDocumento=107089,,,,,,0.6111,0.3287,37420.17,1.87,3.45,,,,,
46,AZUL4<XBSP>,Azul,PN,AZUL4,0.0059,Nível 2,Transporte,2021-08-27,13386186.16,7644855.36,5741330.8,18943550.16,39.17,48.55,0.8068000000000001,2021-06-08,125956.72,193444.22,0.6511,9387.0,13455.45,0.6976,0.0095,-0.69,-0.0126,1.9,0.7509999999999999,55.17,0.7409,19.23,,,-0.0033,-1.73,0.5272,0.0552,0.6859999999999999,-0.1137,7.0,0.4696,1.84,,,0.0,0.0,-0.85,-4.23,2.21,55.7,2021-06-30,Sim,https://www.rad.cvm.gov.br/enetconsulta/frmGerenciaPaginaFRE.aspx?CodigoTipoInstituicao=1&NumeroSequencialDocumento=107590,9897487.0,5557364.0,4340123.0,-0.11939999999999999,16.34,,-0.1822,-31682.47,-9.27,-46.07,0.0687,-0.5221,340120.0,0.056100000000000004,0.3306
47,SBSP3<XBSP>,Sabesp,ON,SBSP3,0.0058,Novo Mercado,Água e saneamento,2021-08-27,25303535.35,34551423.88,-9247888.53,38843375.35,37.02,49.83,0.7429000000000001,2020-09-02,161210.75,110131.99,1.4638,12887.0,11534.02,1.1173,0.027999999999999997,1.16,0.044000000000000004,7.56,-0.2608,-46.01,0.5775,2.9,0.46409999999999996,-62.68,-0.1591,-17.31,0.3406,0.0353,0.11960000000000001,-0.09960000000000001,5.0,0.4008,-0.71,0.67,1.15,0.0079,0.4,1.05,10.03,1.36,6.02,2021-06-30,Não,https://www.rad.cvm.gov.br/enetconsulta/frmGerenciaPaginaFRE.aspx?CodigoTipoInstituicao=1&NumeroSequencialDocumento=107699,16488628.0,13539840.0,2948788.0,0.2608,2.1,0.1114,0.0495,25230.14,3.69,35.17,0.35200000000000004,0.13570000000000002,6451092.0,0.3469,1.6518000000000002
48,ENGI11<XBSP>,Energisa,UNT N2,ENGI11,0.0051,Nível 2,Energia elétrica,2021-08-27,19666172.47,18293386.29,1372786.17,35605129.47,44.53,50.34,0.8845000000000001,2020-12-30,80853.91,73822.1,1.0953,9553.0,7977.98,1.1974,0.0086,-0.78,0.0216,5.32,0.0391,-16.02,0.6283,7.98,1.4058000000000002,31.49,-0.1155,-12.94,0.2938,0.030299999999999997,0.1251,-0.1133,4.0,0.5061,0.19,0.82,0.95,0.0393,0.35,1.97,6.46,0.71,7.05,2021-06-30,Sim,https://www.rad.cvm.gov.br/enetconsulta/frmGerenciaPaginaFRE.aspx?CodigoTipoInstituicao=1&NumeroSequencialDocumento=107646,19026453.0,14874435.0,4152018.0,0.2002,2.95,0.3385,0.057,25000.99,1.38,4.51,0.2112,0.12050000000000001,5047634.0,0.22219999999999998,1.993
49,LWSA3<XBSP>,Locaweb,ON,LWSA3,0.0049,Novo Mercado,Programas e serviços,2021-08-27,14559029.81,7653119.62,6905910.19,12791096.81,24.87,34.99,0.7108,2021-02-19,77612.17,173076.63,0.4484,12647.0,20252.08,0.6245,0.0197,0.32,-0.0493,-1.77,0.6395000000000001,44.02,,,,,0.23620000000000002,22.23,0.5855,0.060700000000000004,0.2703,-0.20600000000000002,8.0,0.5061,1.55,,,0.0021,0.03,4.92,1112.61,21.77,118.67,2021-06-30,Sim,https://www.rad.cvm.gov.br/enetconsulta/frmGerenciaPaginaFRE.aspx?CodigoTipoInstituicao=1&NumeroSequencialDocumento=107514,125342.0,-1767933.0,1893275.0,0.3204,-16.4,0.0066,0.003,119.68,0.02,5.05,0.44310000000000005,0.0196,107785.0,0.17620000000000002,13.863199999999999
50,TIMS3<XBSP>,Tim,ON,TIMS3,0.0046,Novo Mercado,Telecomunicações,2021-08-27,29566981.38,35168514.8,-5601533.42,26668533.38,12.22,14.71,0.8306999999999999,2020-12-29,32300.86,75788.41,0.42619999999999997,7123.0,13528.16,0.5265,0.0,-1.65,0.0663,9.79,-0.1207,-32.0,0.0959,-45.26,0.6637000000000001,-42.71,-0.1562,-17.02,0.2626,0.027200000000000002,0.1384,-0.0922,4.0,0.4372,-0.44,0.68,0.76,0.0407,0.59,1.24,,,,2021-06-30,Sim,https://www.rad.cvm.gov.br/enetconsulta/frmGerenciaPaginaFRE.aspx?CodigoTipoInstituicao=1&NumeroSequencialDocumento=106682,4226221.0,-2898448.0,7124669.0,,,,,,,9.83,,,,,
51,EGIE3<XBSP>,Engie Brasil,ON,EGIE3,0.0045000000000000005,Novo Mercado,Energia elétrica,2021-08-27,31258191.72,35076733.54,-3818541.82,44536202.72,38.31,43.9,0.8726,2021-02-12,34849.01,50324.97,0.6925,5196.0,6837.94,0.7598999999999999,0.009000000000000001,-0.75,0.013300000000000001,4.49,-0.049400000000000006,-24.87,0.5318,-1.67,0.7061,-38.47,-0.0885,-10.24,0.22260000000000002,0.023,0.061399999999999996,-0.0535,4.0,0.4534,-0.23,0.66,0.62,0.060700000000000004,2.61,3.83,13.2,2.34,6.52,2021-06-30,Sim,https://www.rad.cvm.gov.br/enetconsulta/frmGerenciaPaginaFRE.aspx?CodigoTipoInstituicao=1&NumeroSequencialDocumento=107291,18348993.0,13274977.0,5074016.0,0.3223,1.94,0.3035,0.0626,23674.12,2.9,10.01,0.4439,0.1772,6828585.0,0.5111,1.5766999999999998
52,USIM5<XBSP>,Usiminas,PNA,USIM5,0.0044,Nível 1,Siderurgia e metalurgia,2021-08-27,22626064.02,12317004.05,10309059.97,24975722.02,18.5,23.56,0.7851,2021-05-11,483098.82,362248.55,1.3336000000000001,33892.0,28662.88,1.1824,0.0681,5.17,-0.0855,-5.39,0.907,70.77,1.3100999999999998,76.16,4.3599,326.9,0.27390000000000003,26.0,0.4707,0.0489,0.32049999999999995,-0.1151,6.0,0.502,2.33,0.68,1.48,0.013999999999999999,0.14,1.14,3.39,0.86,2.34,2021-06-30,Sim,https://www.rad.cvm.gov.br/enetconsulta/frmGerenciaPaginaFRE.aspx?CodigoTipoInstituicao=1&NumeroSequencialDocumento=106860,5828635.0,-224678.0,6053313.0,1.6586,-0.02,0.4169,0.21559999999999999,67160.82,5.46,16.18,0.3232,0.2964,10667928.0,0.4023,0.7912
53,ELET6<XBSP>,Eletrobras,PNB,ELET6,0.0044,Nível 1,Energia elétrica,2021-08-27,60993560.95,56708241.21,4285319.74,84679832.95,39.07,47.42,0.8239,2021-06-21,34042.47,111030.06,0.3066,4138.0,9429.66,0.4388,0.0008,-1.57,-0.0706,-3.91,0.1564,-4.29,1.5265,97.79,0.8088,-28.21,0.1417,12.78,0.3544,0.0369,0.1977,-0.2232,6.0,0.4372,0.57,0.64,1.34,0.0718,2.62,0.81,10.98,2.25,12.63,2021-06-30,Sim,https://www.rad.cvm.gov.br/enetconsulta/frmGerenciaPaginaFRE.aspx?CodigoTipoInstituicao=1&NumeroSequencialDocumento=107571,47238963.0,23421870.0,23817093.0,0.11,3.49,0.0741,0.031,55841.12,3.56,47.96,0.5922999999999999,0.20670000000000002,6702997.0,0.2465,1.3021
54,GOAU4<XBSP>,Gerdau Met,PN,GOAU4,0.0042,Nível 1,Siderurgia e metalurgia,2021-08-27,13526757.95,9173258.1,4353499.85,46537307.95,13.02,16.06,0.8109000000000001,2021-05-11,129463.28,143879.74,0.8998,21568.0,17344.16,1.2435,0.0172,0.07,-0.0696,-3.8,0.5657,36.64,0.7208,17.23,2.9638,187.29,0.204,19.01,0.3613,0.0374,0.1655,-0.0677,7.0,0.5101,1.77,0.66,1.31,0.083,0.73,1.05,5.45,0.23,2.97,2021-06-30,Sim,https://www.rad.cvm.gov.br/enetconsulta/frmGerenciaPaginaFRE.aspx?CodigoTipoInstituicao=1&NumeroSequencialDocumento=107244,15806161.0,8617612.0,7188549.0,0.8256,0.55,0.2262,0.1124,25845.89,2.39,12.34,0.2213,0.1255,15660531.0,0.2554,0.9451999999999999
55,LCAM3<XBSP>,Locamerica,ON,LCAM3,0.0039000000000000003,Novo Mercado,Diversos,2021-08-27,13251704.1,10469483.94,2782220.16,18266267.1,26.17,30.42,0.8602,2021-01-14,97143.12,80466.66,1.2072,14358.0,11500.31,1.2485,0.052300000000000006,3.58,-0.10279999999999999,-7.13,0.28300000000000003,8.37,2.077,152.84,18.712,1762.11,-0.1005,-11.45,0.4031,0.042199999999999994,0.16920000000000002,-0.1075,5.0,0.4656,0.89,0.7,1.48,0.0176,0.36,2.91,16.99,1.97,9.52,2021-06-30,Sim,https://www.rad.cvm.gov.br/enetconsulta/frmGerenciaPaginaFRE.aspx?CodigoTipoInstituicao=1&NumeroSequencialDocumento=106718,6735795.0,5014563.0,1721232.0,0.2091,2.61,0.1833,0.0558,7796.29,1.54,9.01,0.3115,0.1162,1918371.0,0.2859,0.1814
56,SULA11<XBSP>,Sul America,UNT N2,SULA11,0.0039000000000000003,Nível 2,Previdência e seguros,2021-08-27,12045622.58,18096960.52,-6051337.94,-2896719.41,29.61,42.38,0.6986,2020-12-11,87943.34,105561.01,0.8331000000000001,12105.0,14148.31,0.8556,0.0113,-0.52,-0.0433,-1.17,-0.2507,-45.0,0.5289,-1.96,1.5902,49.93,-0.2893,-30.32,0.3317,0.0345,0.11449999999999999,-0.1724,2.0,0.41700000000000004,-0.7,0.73,1.16,0.0288,0.39,1.48,6.52,0.61,-5.1,2021-06-30,Sim,https://www.rad.cvm.gov.br/enetconsulta/frmGerenciaPaginaFRE.aspx?CodigoTipoInstituicao=1&NumeroSequencialDocumento=107515,2079826.0,-14945080.0,17024906.0,0.2104,-26.29,0.23870000000000002,0.0666,18529.66,1.51,6.68,0.10289999999999999,0.0932,568508.0,0.0286,-19.8125
57,TAEE11<XBSP>,Taesa,UNT N2,TAEE11,0.0038,Nível 2,Energia elétrica,2021-08-27,13169690.2,9744397.4,3425292.8,19252144.2,38.04,40.69,0.9349,2021-06-15,68722.0,71383.93,0.9627,8759.0,8474.08,1.0336,-0.0026,-1.91,0.0048,3.63,0.5163,31.7,1.569,102.04,1.7736,68.27,0.22820000000000001,21.43,0.2187,0.022799999999999997,0.27399999999999997,-0.048,7.0,0.498,2.38,0.51,0.46,0.1594,1.5,2.05,4.83,3.34,4.86,2021-06-30,Sim,https://www.rad.cvm.gov.br/enetconsulta/frmGerenciaPaginaFRE.aspx?CodigoTipoInstituicao=1&NumeroSequencialDocumento=107572,6801995.0,6082454.0,719541.0,0.5796,1.54,0.46049999999999996,0.1788,27146.39,2.63,6.17,0.7773,0.6911,3960687.0,1.0083,2.5054
58,YDUQ3<XBSP>,Yduqs Part,ON,YDUQ3,0.0038,Novo Mercado,Diversos,2021-08-27,8268931.44,8345448.41,-76516.97,11402936.44,27.39,36.46,0.7513,2020-12-03,63090.43,80135.42,0.7873,7053.0,12135.78,0.5811999999999999,-0.0197,-3.61,-0.0815,-4.99,0.0042,-19.51,0.3071,-24.14,1.0207,-7.02,-0.1547,-16.87,0.4363,0.0455,0.4407,-0.1638,5.0,0.4372,0.17,0.69,1.82,0.017,0.47,2.53,48.67,1.97,10.29,2021-06-30,Sim,https://www.rad.cvm.gov.br/enetconsulta/frmGerenciaPaginaFRE.aspx?CodigoTipoInstituicao=1&NumeroSequencialDocumento=108004,5101390.0,3134005.0,1967385.0,0.0931,2.83,0.0525,0.0176,1695.25,0.56,10.8,0.5433,0.0405,1108383.0,0.265,0.7478
59,BRML3<XBSP>,BR Malls Par,ON,BRML3,0.0036,Novo Mercado,Exploração de imóveis,2021-08-27,7804484.0,7947917.76,-143433.76,10692567.0,9.25,11.8,0.7839,2021-06-07,141278.5,149685.53,0.9438,18603.0,24124.66,0.7711,0.0176,0.11,-0.09140000000000001,-5.98,-0.018000000000000002,-21.73,0.0548,-49.38,-0.0536,-114.45,-0.06570000000000001,-7.96,0.3799,0.039599999999999996,0.212,-0.1257,4.0,0.4656,0.07,0.74,1.2,0.0,0.0,0.73,51.75,8.35,24.75,2021-06-30,Sim,https://www.rad.cvm.gov.br/enetconsulta/frmGerenciaPaginaFRE.aspx?CodigoTipoInstituicao=1&NumeroSequencialDocumento=107716,4228150.0,2420173.0,1807977.0,0.0928,5.6,0.0106,0.0060999999999999995,1508.13,0.18,12.67,0.8993000000000001,0.126,432082.0,0.46259999999999996,5.1891
60,MRFG3<XBSP>,Marfrig,ON,MRFG3,0.0036,Novo Mercado,Alimentos processados,2021-08-27,14369667.96,12446142.81,1923525.15,31049216.96,21.0,21.0,1.0,2021-08-27,109029.15,148965.59,0.7319,13847.0,20791.64,0.6659999999999999,0.0019,-1.45,0.0479,7.95,0.1884,-1.09,2.4307,188.22,3.1315,204.06,0.4635,44.96,0.32689999999999997,0.0337,0.2669,-0.1433,6.0,0.4899,0.69,0.31,0.65,0.011399999999999999,0.2,3.43,3.77,0.2,3.24,2021-06-30,Sim,https://www.rad.cvm.gov.br/enetconsulta/frmGerenciaPaginaFRE.aspx?CodigoTipoInstituicao=1&NumeroSequencialDocumento=107484,28500121.0,14996300.0,13503821.0,0.2842,1.57,1.2368000000000001,0.12,38617.47,5.56,6.12,0.1679,0.0719,9579434.0,0.13140000000000002,1.1861
61,ASAI3<XBSP>,Assai,ON,ASAI3,0.0034999999999999996,Novo Mercado,Comércio e distribuição,2021-08-27,23393952.0,,,28417952.0,17.4,,,,98433.78,136179.54,0.7228,14462.0,9373.16,1.5429,0.0017000000000000001,-1.47,-0.0225,0.91,,,,,,,,,,,4.0233,-0.0325,,,,,,,,12.2,14.0,0.8,8.67,2021-06-30,Sim,https://www.rad.cvm.gov.br/enetconsulta/frmGerenciaPaginaFRE.aspx?CodigoTipoInstituicao=1&NumeroSequencialDocumento=106701,9535000.0,5024000.0,4511000.0,0.23379999999999998,1.53,0.2484,0.0855,16680.0,1.24,1.43,0.1394,0.0601,3279000.0,0.11259999999999999,1.4133000000000002
62,CRFB3<XBSP>,Carrefour BR,ON,CRFB3,0.0034000000000000002,Novo Mercado,Comércio e distribuição,2021-08-27,37224232.22,38509369.57,-1285137.35,46075232.22,18.75,23.47,0.799,2021-06-10,43023.15,83156.18,0.5174,10412.0,13120.0,0.7936,0.0163,-0.02,-0.053,-2.15,-0.0134,-21.27,0.34409999999999996,-20.45,,,-0.0129,-2.68,0.2955,0.0308,0.22149999999999997,-0.09960000000000001,4.0,0.44939999999999997,0.01,,,0.024300000000000002,0.47,2.29,11.96,0.5,7.67,2021-06-30,Sim,https://www.rad.cvm.gov.br/enetconsulta/frmGerenciaPaginaFRE.aspx?CodigoTipoInstituicao=1&NumeroSequencialDocumento=106719,9535000.0,7519000.0,2016000.0,0.5102,1.25,0.19510000000000002,0.0634,31110.0,1.57,8.2,0.18960000000000002,0.0435,6008000.0,0.0801,3.2686
63,FLRY3<XBSP>,Fleury,ON,FLRY3,0.0033,Novo Mercado,Serviços médico-hospitalares análises e diagnósticos,2021-08-27,7561741.79,8005238.07,-443496.27,9343073.79,23.9,28.7,0.8327,2020-09-16,30901.49,42401.1,0.7288,6941.0,8831.69,0.7859,-0.005,-2.15,0.0052,3.68,-0.0213,-22.06,0.0126,-53.59,0.5806,-51.02,-0.08470000000000001,-9.86,0.28190000000000004,0.029300000000000003,0.036000000000000004,-0.09880000000000001,5.0,0.4251,-0.03,0.53,0.73,0.0341,0.86,4.3,16.62,2.09,8.29,2021-06-30,Sim,https://www.rad.cvm.gov.br/enetconsulta/frmGerenciaPaginaFRE.aspx?CodigoTipoInstituicao=1&NumeroSequencialDocumento=106830,2386269.0,1780001.0,606268.0,0.31989999999999996,1.58,0.2755,0.0857,4556.93,1.44,5.55,0.3211,0.12560000000000002,1127637.0,0.31079999999999997,0.6708
64,IRBR3<XBSP>,Irbbrasil Re,ON,IRBR3,0.003,Novo Mercado,Previdência e seguros,2021-08-27,6615360.02,7132320.01,-516959.98,,5.27,8.65,0.6092,2020-10-05,62105.93,127896.42,0.48560000000000003,10583.0,15009.36,0.7051000000000001,0.0233,0.68,-0.0819,-5.03,-0.3084,-50.77,-0.6862,-123.47,,,-0.3557,-36.97,0.5584,0.0584,0.23379999999999998,-0.1802,3.0,0.413,-0.39,,,0.0,0.0,1.57,-6.31,,,2021-06-30,Sim,https://www.rad.cvm.gov.br/enetconsulta/frmGerenciaPaginaFRE.aspx?CodigoTipoInstituicao=1&NumeroSequencialDocumento=108090,,,,,,-0.2838,-0.0454,-10061.91,-0.84,3.36,-0.1012,-0.1183,,,
65,COGN3<XBSP>,Cogna ON,ON,COGN3,0.0029,Novo Mercado,Diversos,2021-08-27,6336354.73,11343658.62,-5007303.89,13622416.73,3.39,6.15,0.5512,2020-09-08,83541.59,157186.19,0.5315,34832.0,24457.42,1.4242,-0.0029,-1.94,-0.09119999999999999,-5.96,-0.4415,-64.08,-0.6809000000000001,-122.95,-0.7387,-182.96,-0.26780000000000004,-28.18,0.46,0.0479,0.0932,-0.1726,4.0,0.3765,-0.87,0.75,1.99,0.0,0.0,0.49,-1.15,1.4,-7.33,2021-06-30,Sim,https://www.rad.cvm.gov.br/enetconsulta/frmGerenciaPaginaFRE.aspx?CodigoTipoInstituicao=1&NumeroSequencialDocumento=107754,9620724.0,6221821.0,3398903.0,-0.3004,,-0.345,-0.1861,-54958.95,-2.94,6.98,0.6457999999999999,-1.2179,-1859138.0,-0.4107,0.06280000000000001
66,QUAL3<XBSP>,Qualicorp,ON,QUAL3,0.0028000000000000004,Novo Mercado,Serviços médico-hospitalares análises e diagnósticos,2021-08-27,6160761.89,8456549.71,-2295787.82,7043605.89,21.7,33.06,0.6564,2020-12-23,35236.6,69658.17,0.5059,7794.0,11421.84,0.6823999999999999,0.006,-1.04,-0.15789999999999998,-12.64,-0.20850000000000002,-40.78,0.7215,17.3,0.47130000000000005,-61.96,-0.3286,-34.26,0.35950000000000004,0.036699999999999997,0.1624,-0.1573,3.0,0.41700000000000004,-0.51,0.43,0.87,0.0791,2.36,3.65,15.28,2.96,7.3,2021-06-30,Sim,https://www.rad.cvm.gov.br/enetconsulta/frmGerenciaPaginaFRE.aspx?CodigoTipoInstituicao=1&NumeroSequencialDocumento=107475,1677068.0,877598.0,799470.0,0.3691,0.91,0.24559999999999998,0.0925,4025.73,1.42,5.95,0.8006,0.19699999999999998,964558.0,0.46380000000000005,1.8262
67,CYRE3<XBSP>,Cyrela Realt,ON,CYRE3,0.0028000000000000004,Novo Mercado,Construção civil,2021-08-27,8193780.24,9057100.12,-863319.88,9806044.24,21.31,28.86,0.7383,2020-12-15,154116.92,149606.65,1.0301,17515.0,21236.62,0.8248000000000001,0.0687,5.23,-0.0042,2.74,-0.0063,-20.56,1.4193,87.07,1.639,54.81,-0.24489999999999998,-25.89,0.4324,0.045,0.18739999999999998,-0.1306,5.0,0.4858,0.14,0.79,1.7,0.1124,2.65,1.37,3.86,1.86,3.77,2021-06-30,Sim,https://www.rad.cvm.gov.br/enetconsulta/frmGerenciaPaginaFRE.aspx?CodigoTipoInstituicao=1&NumeroSequencialDocumento=107625,3349669.0,1281440.0,2068229.0,0.7635,0.49,0.3772,0.17670000000000002,21237.72,5.52,15.51,0.33899999999999997,0.4964,2599522.0,0.59,2.6848
68,CPFE3<XBSP>,CPFL Energia,ON,CPFE3,0.0025,Novo Mercado,Energia elétrica,2021-08-27,33403856.22,33254063.14,149793.08,47652955.22,28.99,32.05,0.9045000000000001,2021-02-09,72725.27,50133.06,1.4506000000000001,9788.0,8667.64,1.1293,0.0062,-1.02,0.09480000000000001,12.64,0.0587,-14.06,0.5101,-3.84,0.46,-63.09,-0.0613,-7.53,0.2875,0.0298,0.1449,-0.0723,3.0,0.4413,0.26,0.62,0.69,0.052000000000000005,1.5,2.21,7.67,0.98,6.04,2021-06-30,Sim,https://www.rad.cvm.gov.br/enetconsulta/frmGerenciaPaginaFRE.aspx?CodigoTipoInstituicao=1&NumeroSequencialDocumento=107694,16983461.0,13961877.0,3021584.0,0.36700000000000005,1.77,0.2919,0.0789,43561.25,3.78,13.1,0.2345,0.12960000000000002,7894649.0,0.2311,1.8947
69,MULT3<XBSP>,Multiplan,ON,MULT3,0.0024,Nível 2,Exploração de imóveis,2021-08-27,12739530.88,12856354.4,-116823.51,14782123.88,21.48,27.74,0.7743000000000001,2021-06-07,100348.94,147505.43,0.6803,12976.0,18919.5,0.6859000000000001,0.0195,0.3,-0.0645,-3.29,0.0182,-18.11,0.1784,-37.02,0.17,-92.09,-0.08710000000000001,-10.11,0.4046,0.042300000000000004,0.2444,-0.099,4.0,0.4372,0.19,0.78,1.11,0.0212,0.45,2.0,14.94,12.3,12.74,2021-06-30,Sim,https://www.rad.cvm.gov.br/enetconsulta/frmGerenciaPaginaFRE.aspx?CodigoTipoInstituicao=1&NumeroSequencialDocumento=106755,3173143.0,2039351.0,1133792.0,0.30219999999999997,1.76,0.13949999999999999,0.0799,8557.08,1.44,10.76,0.7432,0.8233,1160514.0,1.1167,-1.8499
70,LAME4<XBSP>,Lojas Americ,PN,LAME4,0.0023,Nível 1,Comércio,2021-08-27,11065436.43,57355602.31,-46290165.88,25175760.43,5.95,13.53,0.43979999999999997,2020-09-01,175055.22,224497.05,0.7798,25737.0,26597.53,0.9676,0.0,-1.65,-0.2024,-17.08,-0.5515,-75.08,-0.0726,-62.12,-0.2198,-131.06,-0.44789999999999996,-46.19,0.47490000000000004,0.049800000000000004,0.1465,-0.2071,3.0,0.3765,-1.07,0.65,1.13,0.016,0.21,4.14,48.96,1.07,8.73,2021-06-30,Sim,https://www.rad.cvm.gov.br/enetconsulta/frmGerenciaPaginaFRE.aspx?CodigoTipoInstituicao=1&NumeroSequencialDocumento=107712,17954334.0,4504619.0,13449715.0,0.0642,1.56,0.0374,0.0102,5420.38,0.12,1.44,0.3336,0.0179,2883817.0,0.1165,1.069
71,CVCB3<XBSP>,Cvc Brasil,ON,CVCB3,0.0023,Novo Mercado,Viagens e lazer,2021-08-27,4405559.56,2853930.59,1551628.96,4944380.56,21.9,28.65,0.7644,2021-06-28,135829.4,164678.98,0.8248000000000001,13297.0,16363.48,0.8126000000000001,-0.0131,-2.95,-0.044500000000000005,-1.29,0.19329999999999997,-0.6,-0.4343,-98.29,0.1479,-94.3,0.1069,9.3,0.5454,0.056799999999999996,0.48450000000000004,-0.23870000000000002,5.0,0.40490000000000004,0.64,0.8,2.01,0.0,0.0,28.55,-55.04,7.75,-11.45,2021-06-30,Sim,https://www.rad.cvm.gov.br/enetconsulta/frmGerenciaPaginaFRE.aspx?CodigoTipoInstituicao=1&NumeroSequencialDocumento=107887,1186574.0,531327.0,655247.0,-0.5322,,,-0.0169,-712.78,-0.4,0.77,1.0,-0.1582,-431844.0,-0.853,0.5555
72,HGTX3<XBSP>,Cia Hering,ON,HGTX3,0.0022,Novo Mercado,Tecidos vestuário e calçados,2021-08-27,5977608.24,2917787.81,3059820.43,5969203.24,38.38,40.57,0.946,2021-08-13,32060.38,64028.41,0.5007,4957.0,7992.03,0.6202000000000001,0.0092,-0.73,0.0124,4.4,1.1506,95.13,1.4948,94.62,1.6208,52.99,1.2438,122.99,0.5344,0.058499999999999996,0.7106999999999999,-0.1367,7.0,0.4777,2.59,0.41,0.94,0.0181,0.33,3.76,25.68,4.63,49.17,2021-06-30,Sim,https://www.rad.cvm.gov.br/enetconsulta/frmGerenciaPaginaFRE.aspx?CodigoTipoInstituicao=1&NumeroSequencialDocumento=107302,193422.0,-8405.0,201827.0,0.1793,-0.07,0.15410000000000001,0.10550000000000001,2379.6,1.49,10.21,0.41229999999999994,0.1802,121410.0,0.0919,0.7283
73,PCAR3<XBSP>,P.Acucar-Cbd,ON,PCAR3,0.0021,Novo Mercado,Comércio e distribuição,2021-08-27,7841658.12,17233573.5,-9391915.38,15229658.12,29.18,70.26,0.4153,2021-02-24,38424.7,100644.93,0.3818,6453.0,11470.98,0.5625,0.0062,-1.02,-0.1458,-11.42,-0.41700000000000004,-61.63,,,,,-0.5001,-51.41,1.1694,0.0828,0.2275,-0.5142,4.0,0.4534,-0.07,,,0.041100000000000005,2.18,0.62,3.73,0.13,2.64,2021-06-30,Sim,https://www.rad.cvm.gov.br/enetconsulta/frmGerenciaPaginaFRE.aspx?CodigoTipoInstituicao=1&NumeroSequencialDocumento=106764,9590000.0,4665000.0,4925000.0,0.3486,0.81,0.14279999999999998,0.0466,20990.0,7.83,47.18,0.2555,0.036699999999999997,5764000.0,0.09539999999999998,0.3668
74,ENBR3<XBSP>,Energias BR,ON,ENBR3,0.002,Novo Mercado,Energia elétrica,2021-08-27,10809618.5,10367591.78,442026.72,19965112.5,18.61,19.74,0.9428,2021-01-14,31796.9,49936.9,0.6367,7286.0,10785.81,0.6755,0.0092,-0.72,0.0574,8.9,0.1435,-5.58,0.5683,1.97,0.6331,-45.78,-0.0025,-1.65,0.213,0.022099999999999998,0.09880000000000001,-0.06849999999999999,4.0,0.4575,0.66,0.62,0.57,0.0583,1.0,1.03,6.04,0.68,4.86,2021-06-30,Sim,https://www.rad.cvm.gov.br/enetconsulta/frmGerenciaPaginaFRE.aspx?CodigoTipoInstituicao=1&NumeroSequencialDocumento=106678,9631147.0,7987363.0,1643784.0,0.3565,1.95,0.18239999999999998,0.0645,18400.16,3.08,18.06,0.2514,0.1252,4104082.0,0.2511,2.7372
75,MRVE3<XBSP>,MRV,ON,MRVE3,0.0018,Novo Mercado,Construção civil,2021-08-27,6600887.58,8761905.54,-2161017.96,10678899.58,13.67,20.36,0.6715000000000001,2020-11-16,95107.21,60132.22,1.5816,20657.0,12927.41,1.5978999999999999,0.0475,3.11,-0.08380000000000001,-5.22,-0.2134,-41.27,0.42369999999999997,-12.48,0.6844,-40.65,-0.2597,-27.37,0.3714,0.0387,0.1234,-0.1219,3.0,0.41700000000000004,-0.49,0.66,1.12,0.045,0.82,1.14,9.75,0.96,11.59,2021-06-30,Sim,https://www.rad.cvm.gov.br/enetconsulta/frmGerenciaPaginaFRE.aspx?CodigoTipoInstituicao=1&NumeroSequencialDocumento=107536,4872052.0,3729774.0,1142278.0,0.1632,4.05,0.1229,0.0385,6763.08,1.4,12.01,0.27399999999999997,0.1067,921774.0,0.13369999999999999,5.7363
76,CPLE6<XBSP>,Copel,PNB,CPLE6,0.0017000000000000001,Nível 1,Energia elétrica,2021-08-27,17315738.58,17291692.01,24046.56,25810956.58,6.58,6.8,0.9677,2020-12-30,60262.52,51981.32,1.1593,21093.0,16552.88,1.2743,0.0123,-0.41,0.084,11.56,0.1791,-2.02,3.063,251.45,1.7612,67.03,-0.0323,-4.63,0.2916,0.0302,0.21710000000000002,-0.12890000000000001,6.0,0.4899,0.69,0.62,0.92,0.151,0.97,0.89,5.12,0.88,4.97,2021-06-30,Sim,https://www.rad.cvm.gov.br/enetconsulta/frmGerenciaPaginaFRE.aspx?CodigoTipoInstituicao=1&NumeroSequencialDocumento=107562,9605085.0,8165732.0,1439353.0,0.4409,1.57,0.1795,0.0761,35196.75,1.29,7.37,0.2509,0.17670000000000002,5190411.4,0.2545,0.8848
77,GOLL4<XBSP>,Gol,PN,GOLL4,0.0017000000000000001,Nível 2,Transporte,2021-08-27,7386988.11,6505384.14,881603.97,16897891.11,20.78,27.94,0.7437,2020-12-07,118133.59,141915.97,0.8323999999999999,13357.0,15187.7,0.8795000000000001,0.0302,1.38,-0.024399999999999998,0.72,0.1355,-6.38,0.9294,38.09,2.3734,128.25,-0.1668,-18.08,0.544,0.0572,0.499,-0.1436,5.0,0.4008,0.52,0.74,2.38,0.0,0.0,-0.47,-2.06,1.35,-18.25,2021-06-30,Sim,https://www.rad.cvm.gov.br/enetconsulta/frmGerenciaPaginaFRE.aspx?CodigoTipoInstituicao=1&NumeroSequencialDocumento=106782,10294010.0,9510903.0,783107.0,-0.23440000000000003,,,-0.3012,-35884.36,-10.09,-44.3,0.0021,-0.6379,-925809.0,-0.16949999999999998,-0.1409
78,ECOR3<XBSP>,Ecorodovias,ON,ECOR3,0.0016,Novo Mercado,Transporte,2021-08-27,7102290.41,7086422.2,15868.21,13075368.41,10.21,13.65,0.748,2020-09-09,51064.58,57798.12,0.8835,10838.0,13524.94,0.8012999999999999,0.0179,0.15,-0.10439999999999999,-7.28,-0.1961,-39.54,0.43189999999999995,-11.67,0.44880000000000003,-64.21,-0.2364,-25.03,0.37810000000000005,0.0392,0.20420000000000002,-0.1562,4.0,0.4291,-0.43,0.72,1.33,0.0,0.0,3.61,-16.66,1.36,7.96,2021-06-30,Sim,https://www.rad.cvm.gov.br/enetconsulta/frmGerenciaPaginaFRE.aspx?CodigoTipoInstituicao=1&NumeroSequencialDocumento=107231,9285705.0,5973078.0,3312627.0,0.11130000000000001,3.64,-0.2663,-0.0241,-3437.76,-0.61,2.83,0.4138,-0.08130000000000001,1641988.0,0.3885,1.6739
79,CIEL3<XBSP>,Cielo,ON,CIEL3,0.0015,Novo Mercado,Serviços financeiros diversos,2021-08-27,7780305.85,12597874.23,-4817568.38,16093786.85,2.88,4.6,0.6262,2020-09-14,40856.22,87410.35,0.46740000000000004,7559.0,18718.0,0.40380000000000005,-0.0069,-2.34,-0.1445,-11.29,-0.3604,-55.97,-0.7766,-132.51,-0.8674,-195.82,-0.2673,-28.12,0.4261,0.044199999999999996,0.23149999999999998,-0.1425,3.0,0.4211,-0.76,0.55,0.97,0.025099999999999997,0.12,0.71,-15.97,0.7,14.63,2021-06-30,Não,https://www.rad.cvm.gov.br/enetconsulta/frmGerenciaPaginaFRE.aspx?CodigoTipoInstituicao=1&NumeroSequencialDocumento=107170,6933374.0,1078210.0,5855164.0,0.1369,0.75,0.0866,0.009899999999999999,8203.26,0.3,3.63,0.39649999999999996,0.1699,1439952.0,0.2981,-1.6125
80,IGTA3<XBSP>,Iguatemi,ON,IGTA3,0.0014000000000000002,Novo Mercado,Exploração de imóveis,2021-08-27,6270814.18,5892996.01,377818.17,8153496.18,35.57,46.4,0.7666,2021-06-07,59854.85,79255.41,0.7552,8392.0,10013.02,0.8381000000000001,0.011899999999999999,-0.45,-0.1206,-8.91,0.0704,-12.89,0.1748,-37.38,0.32659999999999995,-76.42,-0.0351,-4.9,0.409,0.0426,0.2057,-0.1288,4.0,0.4777,0.33,0.79,1.13,0.0085,0.28,1.81,13.55,8.99,16.27,2021-06-30,Sim,https://www.rad.cvm.gov.br/enetconsulta/frmGerenciaPaginaFRE.aspx?CodigoTipoInstituicao=1&NumeroSequencialDocumento=107390,3166632.0,1871753.0,1294879.0,0.1107,3.73,0.1419,0.0658,4623.75,2.63,19.6,0.5456,0.6638,501174.0,0.7193999999999999,1.7367
81,EZTC3<XBSP>,Eztec,ON,EZTC3,0.0012,Novo Mercado,Construção civil,2021-08-27,6346920.0,8814410.0,-2467490.0,5368955.0,27.96,44.99,0.6214999999999999,2020-12-16,43069.7,72523.23,0.5939,6219.0,9008.64,0.6903,0.0352,1.87,0.013000000000000001,4.46,-0.2705,-46.98,1.0978,54.92,1.6119999999999999,52.11,-0.3397,-35.37,0.4107,0.0426,0.16670000000000001,-0.145,4.0,0.4211,-0.56,0.7,1.26,0.0109,0.42,1.48,13.45,6.24,17.0,2021-06-30,Sim,https://www.rad.cvm.gov.br/enetconsulta/frmGerenciaPaginaFRE.aspx?CodigoTipoInstituicao=1&NumeroSequencialDocumento=107672,11144.0,-1049391.0,1060535.0,27.835300000000004,-3.32,0.1173,0.0998,4718.51,2.08,18.87,0.4302,0.4794,315824.0,0.3104,11.4875
82,BEEF3<XBSP>,Minerva,ON,BEEF3,0.0009,Novo Mercado,Alimentos processados,2021-08-27,4396951.52,6374622.18,-1977670.66,9706170.52,8.35,12.58,0.6639,2020-09-15,50200.91,64590.53,0.7772,10514.0,11764.48,0.8937,0.0085,-0.8,-0.0992,-6.77,-0.3029,-50.22,0.5263,-2.23,0.0176,-107.33,-0.1198,-13.38,0.3729,0.0388,0.051500000000000004,-0.1508,1.0,0.4211,-0.74,0.42,0.86,0.0782,1.03,10.4,7.96,0.19,4.49,2021-06-30,Sim,https://www.rad.cvm.gov.br/enetconsulta/frmGerenciaPaginaFRE.aspx?CodigoTipoInstituicao=1&NumeroSequencialDocumento=107400,11651172.0,5309219.0,6341953.0,0.1589,2.45,0.8701000000000001,0.0311,5486.89,1.05,0.8,0.17670000000000002,0.0239,2164116.0,0.0944,1.1943000000000001
83,JHSF3<XBSP>,JHSF Part,ON,JHSF3,0.0009,Novo Mercado,Construção civil,2021-08-27,4625152.14,5059216.13,-434063.99,5312747.14,6.74,8.11,0.8308,2020-12-03,21130.11,33572.22,0.6294,6903.0,9337.88,0.7392,0.012,-0.44,-0.0842,-5.27,-0.0492,-24.85,5.1462,459.77,3.7760000000000002,268.51,-0.1096,-12.35,0.41490000000000005,0.043,0.14150000000000001,-0.1025,4.0,0.4534,0.02,0.66,1.8,0.037599999999999995,0.28,1.09,5.19,2.55,4.91,2021-06-30,Sim,https://www.rad.cvm.gov.br/enetconsulta/frmGerenciaPaginaFRE.aspx?CodigoTipoInstituicao=1&NumeroSequencialDocumento=108249,1815549.0,619340.0,1196209.0,0.5710999999999999,0.57,0.23079999999999998,0.1093,8850.54,1.3,6.21,0.7303000000000001,0.48829999999999996,1080948.0,0.6011,8.0749
